2B,3B,AB,AVG,G,H,HR,PA,R,RBI,SAC,SF,TB,team_filter,선수명,순위,팀명
0,0,1,1.000,2,1,0,2,1,0,0,0,1,LG,김준태,1,LG
1,0,5,0.400,10,2,0,6,3,0,0,0,3,LG,김현종,2,LG
25,1,420,0.317,114,133,31,491,81,94,0,10,253,LG,오스틴,3,LG
14,7,458,0.312,133,143,1,533,87,60,6,4,174,LG,신민재,4,LG
20,2,468,0.308,133,144,3,535,57,70,0,9,177,LG,문성주,5,LG
24,0,476,0.298,138,142,12,545,66,89,0,1,202,LG,김현수,6,LG
4,0,167,0.293,49,49,1,207,31,16,2,4,56,LG,홍창기,7,LG
16,2,340,0.288,130,98,1,394,41,38,12,0,121,LG,구본혁,8,LG
5,0,103,0.282,119,29,0,115,37,2,3,1,34,LG,최원영,9,LG
21,1,507,0.280,139,142,24,599,91,108,0,9,237,LG,문보경,10,LG
18,2,438,0.279,142,122,3,538,79,43,21,4,153,LG,박해민,11,LG
2,0,52,0.269,38,14,2,57,12,13,0,1,22,LG,박관우,12,LG
25,0,447,0.255,137,114,22,517,57,76,3,5,205,LG,박동원,13,LG
24,1,412,0.252,125,104,16,465,57,62,7,6,178,LG,오지환,14,LG
9,2,173,0.237,83,41,1,199,24,17,4,0,57,LG,천성호,15,LG
3,0,128,0.219,76,28,4,156,22,9,2,0,43,LG,이주헌,16,LG
9,1,147,0.211,66,31,3,166,18,20,1,1,51,LG,송찬의,17,LG
1,1,72,0.208,44,15,3,75,12,9,1,1,27,LG,이영빈,18,LG
0,0,5,0.200,7,1,0,5,0,1,0,0,1,LG,김성우,19,LG
0,0,15,0.200,16,3,1,17,3,1,0,0,6,LG,김주성,19,LG
0,0,15,0.200,9,3,0,16,3,1,0,0,3,LG,손용준,19,LG
2,0,32,0.188,15,6,0,36,2,2,0,1,8,LG,함창건,22,LG
0,0,11,0.182,13,2,0,13,0,1,0,1,2,LG,김민수,23,LG
0,0,30,0.167,21,5,2,33,5,4,0,0,11,LG,문정빈,24,LG
0,0,0,-,4,0,0,0,0,0,0,0,0,LG,김영우,25,LG
0,0,0,-,5,0,0,0,0,0,0,0,0,LG,김진성,25,LG
0,0,0,-,1,0,0,0,0,0,0,0,0,LG,김진수,25,LG
0,0,0,-,5,0,0,0,0,0,0,0,0,LG,박명근,25,LG
0,0,0,-,3,0,0,0,0,0,0,0,0,LG,백승현,25,LG
0,0,0,-,2,0,0,0,0,0,0,0,0,LG,우강훈,25,LG
0,0,1,0.000,11,0,0,2,0,0,0,0,0,LG,유영찬,25,LG
0,0,0,-,1,0,0,0,0,0,0,0,0,LG,이우찬,25,LG
0,0,0,-,8,0,0,0,0,0,0,0,0,LG,이정용,25,LG
0,0,0,-,6,0,0,0,0,0,0,0,0,LG,이지강,25,LG
0,0,0,-,6,0,0,0,0,0,0,0,0,LG,장현식,25,LG
0,0,5,0.000,19,0,0,6,6,0,0,0,0,LG,최승민,25,LG
0,0,0,-,3,0,0,0,0,0,0,0,0,LG,함덕주,25,LG
0,1,1,1.000,4,1,0,1,1,1,0,0,3,한화,이승현,1,한화
0,0,1,1.000,2,1,0,2,1,0,0,0,1,한화,장규현,1,한화
30,2,520,0.321,139,167,12,583,71,79,5,11,237,한화,문현빈,3,한화
18,2,237,0.321,60,76,10,263,40,38,0,4,128,한화,리베라토,4,한화
14,0,268,0.302,93,81,4,297,34,28,11,1,107,한화,하주석,5,한화
22,3,365,0.293,109,107,1,409,39,50,4,2,138,한화,손아섭,6,한화
27,1,474,0.291,130,138,19,519,54,88,3,0,224,한화,채은성,7,한화
14,0,265,0.287,119,76,1,342,28,35,10,6,93,한화,최재훈,8,한화
17,1,252,0.278,115,70,1,278,40,20,2,1,92,한화,황영묵,9,한화
13,0,316,0.275,113,87,10,360,47,41,0,5,130,한화,이진영,10,한화
18,2,258,0.271,65,70,8,285,36,29,0,2,116,한화,플로리얼,11,한화
15,0,292,0.260,117,76,3,329,39,19,6,0,100,한화,김태연,12,한화
26,2,528,0.259,141,137,32,612,97,100,0,4,263,한화,노시환,13,한화
11,3,243,0.255,111,62,1,270,35,35,10,3,82,한화,이도윤,14,한화
8,0,133,0.248,76,33,1,153,6,16,1,1,44,한화,최인호,15,한화
9,1,240,0.229,91,55,2,267,38,22,6,1,72,한화,심우준,16,한화
2,1,124,0.202,97,25,1,150,4,12,8,3,32,한화,이재원,17,한화
1,0,10,0.200,39,2,0,12,14,2,1,0,3,한화,이상혁,18,한화
7,0,206,0.194,126,40,4,242,57,24,7,2,59,한화,이원석,19,한화
4,0,174,0.172,66,30,2,196,9,18,4,1,40,한화,안치홍,20,한화
1,0,30,0.167,17,5,1,35,2,2,0,0,9,한화,임종찬,21,한화
1,0,24,0.167,19,4,0,25,2,2,0,0,5,한화,허인서,21,한화
1,0,13,0.154,13,2,0,13,1,0,0,0,3,한화,권광민,23,한화
0,0,13,0.154,20,2,0,16,1,0,2,0,2,한화,유로결,23,한화
0,0,25,0.080,10,2,1,26,2,3,0,0,5,한화,김인환,25,한화
0,0,0,-,3,0,0,0,0,0,0,0,0,한화,김서현,26,한화
0,0,0,-,1,0,0,0,0,0,0,0,0,한화,김승일,26,한화
0,0,0,-,1,0,0,0,0,0,0,0,0,한화,김종수,26,한화
0,0,0,-,1,0,0,0,0,0,0,0,0,한화,박상원,26,한화
0,0,2,0.000,2,0,0,2,0,0,0,0,0,한화,박정현,26,한화
0,0,0,-,1,0,0,0,0,0,0,0,0,한화,윤산흠,26,한화
0,0,4,0.000,3,0,0,4,0,0,0,0,0,한화,이민재,26,한화
0,0,0,-,3,0,0,0,0,0,0,0,0,한화,정우주,26,한화
0,0,0,-,2,0,0,0,0,0,0,0,0,한화,조동욱,26,한화
0,0,0,-,1,0,0,0,0,0,0,0,0,한화,한승혁,26,한화
0,0,1,1.000,6,1,0,2,0,0,0,0,1,SSG,김태윤,1,SSG
1,0,2,0.500,3,1,0,2,0,0,0,0,2,SSG,정현승,2,SSG
18,0,366,0.342,94,125,13,406,44,54,0,2,182,SSG,에레디아,3,SSG
14,4,512,0.283,138,145,7,568,65,45,4,5,188,SSG,최지훈,4,SSG
5,0,92,0.283,25,26,6,100,17,16,0,0,49,SSG,류효승,5,SSG
20,1,460,0.276,126,127,16,489,45,62,0,7,197,SSG,고명준,6,SSG
23,2,444,0.275,124,122,6,528,71,47,2,2,167,SSG,박성한,7,SSG
23,0,448,0.272,126,122,15,504,50,69,1,2,190,SSG,한유섬,8,SSG
1,0,49,0.265,27,13,2,54,3,4,0,0,20,SSG,석정우,9,SSG
1,0,53,0.264,18,14,0,56,4,4,0,0,15,SSG,현원회,10,SSG
7,2,249,0.261,98,65,5,280,37,14,9,2,91,SSG,안상현,11,SSG
10,3,362,0.246,128,89,0,429,57,24,16,1,105,SSG,정준재,12,SSG
12,0,332,0.244,93,81,23,398,54,63,0,3,162,SSG,최정,13,SSG
8,0,263,0.243,99,64,4,287,23,29,1,2,84,SSG,조형우,14,SSG
3,0,108,0.231,56,25,1,130,15,11,4,1,31,SSG,김성현,15,SSG
6,1,195,0.231,74,45,3,213,13,18,3,2,62,SSG,이지영,16,SSG
3,0,74,0.203,22,15,4,80,8,11,0,0,30,SSG,맥브룸,17,SSG
6,0,194,0.201,121,39,5,229,31,26,3,1,60,SSG,오태곤,18,SSG
6,0,110,0.200,52,22,2,118,10,13,0,0,34,SSG,김성욱,19,SSG
1,1,41,0.195,37,8,1,45,8,9,0,1,14,SSG,채현우,20,SSG
0,0,148,0.189,76,28,3,188,17,22,3,4,37,SSG,최준우,21,SSG
1,0,33,0.182,29,6,1,39,1,3,0,0,10,SSG,신범수,22,SSG
2,0,73,0.178,44,13,0,78,4,5,1,0,15,SSG,김찬형,23,SSG
0,0,6,0.167,5,1,1,6,1,3,0,0,4,SSG,이율예,24,SSG
0,0,60,0.150,31,9,0,68,3,4,3,1,9,SSG,박지환,25,SSG
0,0,7,0.143,23,1,0,9,5,1,0,0,1,SSG,최상민,26,SSG
0,0,56,0.143,18,8,3,61,6,8,0,1,17,SSG,하재훈,26,SSG
0,0,11,0.091,7,1,0,12,0,0,0,0,1,SSG,김수윤,28,SSG
0,0,0,-,1,0,0,0,0,0,0,0,0,SSG,김강민,29,SSG
0,0,0,-,1,0,0,0,0,0,0,0,0,SSG,김건우,29,SSG
0,0,0,-,4,0,0,0,1,0,0,0,0,SSG,김창평,29,SSG
0,0,0,-,1,0,0,0,0,0,0,0,0,SSG,김택형,29,SSG
0,0,0,-,1,0,0,0,0,0,0,0,0,SSG,노경은,29,SSG
0,0,0,-,1,0,0,0,0,0,0,0,0,SSG,이로운,29,SSG
0,0,3,0.000,3,0,0,3,0,0,0,0,0,SSG,이정범,29,SSG
0,0,0,-,1,0,0,0,0,0,0,0,0,SSG,임근우,29,SSG
0,0,0,-,1,0,0,0,0,0,0,0,0,SSG,전영준,29,SSG
0,0,0,-,2,0,0,0,0,0,0,0,0,SSG,조병현,29,SSG
0,0,0,-,1,0,0,0,0,0,0,0,0,SSG,최민준,29,SSG
0,0,0,-,1,0,0,0,0,0,0,0,0,SSG,최현석,29,SSG
0,0,0,-,1,0,0,0,0,0,0,0,0,SSG,한두솔,29,SSG
0,0,2,0.000,12,0,0,2,3,0,0,0,0,SSG,홍대인,29,SSG
0,0,12,0.333,11,4,0,14,2,0,0,0,4,삼성,김태근,1,삼성
28,9,450,0.329,125,148,6,532,90,59,10,2,212,삼성,김성윤,2,삼성
43,2,525,0.318,140,167,19,611,104,96,1,8,271,삼성,구자욱,3,삼성
31,0,546,0.311,142,170,49,623,91,153,0,11,348,삼성,디아즈,4,삼성
5,0,174,0.287,64,50,6,200,39,14,1,0,73,삼성,박승규,5,삼성
1,0,14,0.286,6,4,0,14,3,1,0,0,5,삼성,김도환,6,삼성
2,0,74,0.284,58,21,1,93,11,13,0,0,26,삼성,전병우,7,삼성
14,0,398,0.281,128,112,1,462,54,37,14,4,129,삼성,류지혁,8,삼성
8,2,310,0.277,88,86,0,366,58,23,10,3,98,삼성,김지찬,9,삼성
23,1,407,0.273,125,111,12,459,36,70,1,7,172,삼성,강민호,10,삼성
5,0,164,0.262,114,43,0,196,23,16,11,1,48,삼성,양도근,11,삼성
29,0,450,0.251,137,113,16,547,81,65,9,8,190,삼성,이재현,12,삼성
0,0,4,0.250,7,1,0,4,2,1,0,0,1,삼성,이해승,13,삼성
22,2,439,0.248,123,109,21,491,63,70,0,3,198,삼성,김영웅,14,삼성
1,0,93,0.237,51,22,2,98,4,8,2,0,29,삼성,김태훈,15,삼성
0,0,17,0.235,8,4,1,18,3,2,0,0,7,삼성,안주형,16,삼성
6,0,169,0.231,75,39,2,187,21,11,2,1,51,삼성,김헌곤,17,삼성
0,0,14,0.214,6,3,0,14,1,1,0,0,3,삼성,함수호,18,삼성
3,0,55,0.200,55,11,1,59,5,7,0,0,17,삼성,이병헌,19,삼성
4,1,120,0.200,66,24,6,148,16,21,1,2,48,삼성,이성규,19,삼성
1,0,15,0.200,11,3,1,17,2,2,0,0,7,삼성,이창용,19,삼성
5,0,191,0.199,75,38,15,227,26,33,0,2,88,삼성,박병호,22,삼성
1,0,16,0.188,14,3,0,16,3,4,0,0,4,삼성,양우현,23,삼성
0,0,34,0.176,30,6,0,39,8,1,1,0,6,삼성,심재훈,24,삼성
1,0,40,0.175,25,7,0,46,3,3,0,2,8,삼성,윤정빈,25,삼성
2,0,61,0.131,42,8,0,71,3,4,1,1,10,삼성,김재성,26,삼성
2,0,32,0.125,31,4,0,38,8,0,2,0,6,삼성,홍현빈,27,삼성
0,0,0,-,1,0,0,0,0,0,0,0,0,삼성,김대호,28,삼성
0,0,0,-,2,0,0,0,0,0,0,0,0,삼성,김재윤,28,삼성
0,0,2,0.000,7,0,0,3,2,0,0,0,0,삼성,김재혁,28,삼성
0,0,0,-,1,0,0,0,0,0,0,0,0,삼성,김태훈,28,삼성
0,0,0,-,1,0,0,0,0,0,0,0,0,삼성,김호진,28,삼성
0,0,1,0.000,1,0,0,1,0,0,0,0,0,삼성,박진우,28,삼성
0,0,0,-,2,0,0,0,0,0,0,0,0,삼성,배찬승,28,삼성
0,0,0,-,1,0,0,0,0,0,0,0,0,삼성,양창섭,28,삼성
0,0,0,-,2,0,0,0,0,0,0,0,0,삼성,육선엽,28,삼성
0,0,0,-,2,0,0,0,0,0,0,0,0,삼성,이승현,28,삼성
0,0,0,-,1,0,0,0,0,0,0,0,0,삼성,이재희,28,삼성
0,0,0,-,2,0,0,0,0,0,0,0,0,삼성,이호성,28,삼성
0,0,1,0.000,1,0,0,1,0,0,0,0,0,삼성,차승준,28,삼성
7,0,68,0.338,31,23,1,73,8,8,1,0,33,KT,이호연,1,KT
18,4,383,0.329,109,126,22,467,70,78,0,3,218,KT,안현민,2,KT
12,2,368,0.291,103,107,0,403,51,34,4,1,123,KT,김민혁,3,KT
17,0,408,0.284,111,116,4,467,44,40,3,3,145,KT,허경민,4,KT
18,0,372,0.274,109,102,6,410,48,43,1,2,138,KT,황재균,5,KT
18,1,308,0.266,92,82,15,355,39,59,0,1,147,KT,강백호,6,KT
1,1,19,0.263,19,5,0,21,5,1,0,0,8,KT,박민석,7,KT
11,0,137,0.263,36,36,2,155,24,11,1,0,53,KT,스티븐슨,8,KT
8,1,156,0.256,77,40,0,184,30,19,8,1,50,KT,오윤석,9,KT
14,0,345,0.252,110,87,5,409,40,47,5,7,116,KT,김상수,10,KT
4,0,131,0.252,58,33,4,147,20,14,0,0,49,KT,이정훈,11,KT
13,0,401,0.252,126,101,14,466,43,58,2,8,156,KT,장성우,12,KT
20,0,331,0.239,95,79,14,384,48,43,0,4,141,KT,로하스,13,KT
12,3,268,0.228,120,61,1,306,33,25,6,1,82,KT,권동진,14,KT
1,0,44,0.227,47,10,1,56,9,6,4,1,14,KT,안치영,15,KT
6,1,171,0.216,76,37,5,207,22,20,3,3,60,KT,문상철,16,KT
3,0,135,0.207,70,28,1,148,9,11,4,1,34,KT,장준원,17,KT
11,2,239,0.205,96,49,2,274,25,28,7,3,70,KT,배정대,18,KT
3,1,138,0.203,84,28,4,155,19,18,4,1,45,KT,장진혁,19,KT
0,0,5,0.200,9,1,0,5,2,0,0,0,1,KT,김병준,20,KT
1,0,63,0.190,38,12,1,77,5,8,3,1,16,KT,강현우,21,KT
4,0,75,0.187,63,14,0,90,7,11,6,0,18,KT,조대현,22,KT
2,0,34,0.118,33,4,0,41,12,3,0,0,6,KT,유준규,23,KT
0,0,19,0.105,32,2,0,21,3,2,1,0,2,KT,최성민,24,KT
1,0,17,0.059,26,1,0,18,3,0,1,0,2,KT,윤준혁,25,KT
0,0,30,0.033,25,1,0,36,0,1,0,1,1,KT,강민성,26,KT
0,0,1,0.000,2,0,0,1,0,0,0,0,0,KT,김건형,27,KT
0,0,0,-,2,0,0,0,0,0,0,0,0,KT,김민석,27,KT
0,0,0,-,1,0,0,0,0,0,0,0,0,KT,김민수,27,KT
0,0,0,-,2,0,0,0,0,0,0,0,0,KT,박건우,27,KT
0,0,0,-,1,0,0,0,0,0,0,0,0,KT,박경수,27,KT
0,0,0,-,5,0,0,0,0,0,0,0,0,KT,박영현,27,KT
0,0,0,-,1,0,0,0,0,0,0,0,0,KT,손동현,27,KT
0,0,0,-,3,0,0,0,0,0,0,0,0,KT,송민섭,27,KT
0,0,0,-,3,0,0,0,0,0,0,0,0,KT,오서진,27,KT
0,0,0,-,2,0,0,0,0,0,0,0,0,KT,우규민,27,KT
0,0,0,-,2,0,0,0,0,0,0,0,0,KT,이상동,27,KT
0,0,0,-,2,0,0,0,0,0,0,0,0,KT,이정현,27,KT
0,0,0,-,2,0,0,0,0,0,0,0,0,KT,주권,27,KT
0,0,0,-,1,0,0,0,0,0,0,0,0,KT,최동환,27,KT
0,0,9,0.444,8,4,0,11,3,0,1,0,4,NC,김정호,1,NC
2,0,64,0.313,74,20,0,72,14,5,2,0,22,NC,김한별,2,NC
25,8,404,0.302,116,122,3,467,64,67,4,4,172,NC,박민우,3,NC
26,8,526,0.293,141,154,15,609,95,65,4,2,241,NC,김주원,4,NC
17,0,377,0.289,109,109,35,426,60,92,0,12,231,NC,데이비슨,5,NC
23,1,373,0.287,121,107,8,429,41,65,1,5,156,NC,박건우,6,NC
3,0,120,0.275,91,33,0,155,40,11,4,1,36,NC,최정원,7,NC
7,1,253,0.265,100,67,2,280,21,27,9,4,82,NC,서호철,8,NC
0,0,4,0.250,15,1,0,5,8,1,0,0,1,NC,박영빈,9,NC
0,0,12,0.250,14,3,0,13,6,1,0,0,3,NC,오태양,9,NC
20,1,294,0.245,103,72,3,331,26,31,1,3,103,NC,이우성,11,NC
24,0,349,0.244,133,85,6,444,55,37,6,2,127,NC,권희동,12,NC
18,2,419,0.243,139,102,16,487,62,53,2,2,172,NC,김휘집,13,NC
10,1,350,0.237,124,83,18,402,51,53,2,2,149,NC,김형준,14,NC
9,3,252,0.234,126,59,6,284,47,28,6,4,92,NC,천재환,15,NC
5,0,154,0.234,66,36,3,178,14,23,0,0,50,NC,오영수,16,NC
13,3,403,0.233,123,94,6,438,58,43,2,5,131,NC,최원준,17,NC
2,0,54,0.204,52,11,1,60,12,4,1,0,16,NC,박시원,18,NC
0,0,10,0.200,16,2,0,11,4,0,0,0,2,NC,고승완,19,NC
1,0,15,0.200,13,3,0,15,0,2,0,0,4,NC,송승환,19,NC
5,0,112,0.196,58,22,3,137,17,21,4,2,36,NC,한석현,21,NC
0,0,27,0.185,16,5,0,31,2,4,0,0,5,NC,한재환,22,NC
4,1,77,0.182,59,14,1,98,9,8,6,0,23,NC,도태훈,23,NC
0,0,73,0.164,61,12,0,85,16,3,4,1,12,NC,홍종표,24,NC
3,0,86,0.163,48,14,2,93,8,10,0,1,23,NC,박세혁,25,NC
3,0,49,0.143,33,7,0,60,2,6,1,0,10,NC,안중열,26,NC
0,0,17,0.118,8,2,2,19,2,3,0,0,8,NC,박한결,27,NC
0,0,1,0.000,1,0,0,1,0,0,0,0,0,NC,김범준,28,NC
0,0,0,-,1,0,0,0,0,0,0,0,0,NC,김영규,28,NC
0,0,0,-,1,0,0,0,0,0,0,0,0,NC,김태훈,28,NC
0,0,0,-,3,0,0,0,0,0,0,0,0,NC,류진욱,28,NC
0,0,0,-,2,0,0,0,0,0,0,0,0,NC,배재환,28,NC
0,0,0,-,2,0,0,0,0,0,0,0,0,NC,소이현,28,NC
0,0,0,-,2,0,0,0,0,0,0,0,0,NC,손주환,28,NC
0,0,6,0.000,4,0,0,7,0,1,0,1,0,NC,안인산,28,NC
0,0,0,-,1,0,0,0,0,0,0,0,0,NC,전사민,28,NC
0,0,3,0.667,6,2,0,3,1,1,0,0,2,롯데,박건우,1,롯데
8,2,129,0.341,48,44,3,148,21,19,0,1,65,롯데,박찬형,2,롯데
43,1,569,0.327,143,186,13,639,75,107,0,9,270,롯데,레이예스,3,롯데
26,1,406,0.296,113,120,8,468,50,70,3,6,172,롯데,전준우,4,롯데
15,0,329,0.289,100,95,5,366,39,34,10,2,125,롯데,전민재,5,롯데
1,0,14,0.286,9,4,1,16,2,3,0,0,8,롯데,박재엽,6,롯데
21,1,330,0.282,97,93,9,399,54,53,3,6,143,롯데,윤동희,7,롯데
14,2,226,0.274,107,62,2,263,42,22,3,0,86,롯데,한태양,8,롯데
18,0,303,0.274,110,83,5,350,35,38,3,5,116,롯데,유강남,9,롯데
21,2,465,0.273,120,127,4,534,71,45,6,4,164,롯데,고승민,10,롯데
1,2,63,0.270,28,17,1,69,11,5,0,0,25,롯데,노진혁,11,롯데
3,3,248,0.262,117,65,0,284,51,25,7,2,74,롯데,장두성,12,롯데
4,4,244,0.258,78,63,1,271,43,22,3,2,78,롯데,황성빈,13,롯데
12,0,325,0.252,96,82,4,372,39,41,11,4,106,롯데,손호영,14,롯데
13,0,213,0.244,95,52,3,253,25,35,2,1,74,롯데,김민성,15,롯데
7,4,132,0.242,98,32,3,153,20,23,3,1,56,롯데,이호준,16,롯데
12,2,325,0.231,104,75,9,389,40,44,3,1,118,롯데,나승엽,17,롯데
4,1,89,0.225,92,20,0,114,19,6,4,0,26,롯데,김동혁,18,롯데
11,0,184,0.217,76,40,2,199,14,11,2,0,57,롯데,정훈,19,롯데
3,0,84,0.190,53,16,0,92,10,5,2,0,19,롯데,박승욱,20,롯데
4,1,129,0.186,93,24,1,152,4,15,4,0,33,롯데,정보근,21,롯데
0,0,12,0.167,12,2,0,13,1,0,1,0,2,롯데,신윤후,22,롯데
0,0,6,0.167,8,1,0,7,1,1,0,0,1,롯데,최항,22,롯데
0,0,59,0.153,50,9,1,66,6,3,2,0,12,롯데,손성빈,24,롯데
0,0,7,0.143,12,1,0,9,1,0,0,0,1,롯데,조세진,25,롯데
0,0,17,0.059,19,1,0,19,1,1,0,1,1,롯데,한승현,26,롯데
0,0,0,-,1,0,0,0,0,0,0,0,0,롯데,강성우,27,롯데
0,0,1,0.000,1,0,0,1,0,0,0,0,0,롯데,강승구,27,롯데
0,0,0,-,1,0,0,0,0,0,0,0,0,롯데,구승민,27,롯데
0,0,0,-,1,0,0,0,0,0,0,0,0,롯데,김강현,27,롯데
0,0,0,-,1,0,0,0,0,0,0,0,0,롯데,김상수,27,롯데
0,0,0,-,8,0,0,0,0,0,0,0,0,롯데,김원중,27,롯데
0,0,0,-,1,0,0,0,0,0,0,0,0,롯데,박준우,27,롯데
0,0,0,-,1,0,0,0,0,0,0,0,0,롯데,박진,27,롯데
0,0,0,-,1,0,0,0,0,0,0,0,0,롯데,윤성빈,27,롯데
0,0,0,-,4,0,0,0,0,0,0,0,0,롯데,이인한,27,롯데
0,0,1,0.000,2,0,0,1,0,0,0,0,0,롯데,이태경,27,롯데
0,0,0,-,2,0,0,0,0,0,0,0,0,롯데,정철원,27,롯데
0,0,0,-,3,0,0,0,0,0,0,0,0,롯데,정현수,27,롯데
18,1,269,0.316,82,85,3,305,31,43,2,1,114,KIA,김선빈,1,KIA
9,0,110,0.309,30,34,7,122,20,27,0,2,64,KIA,김도영,2,KIA
30,1,461,0.308,130,142,24,541,72,85,0,5,246,KIA,최형우,3,KIA
2,0,115,0.296,46,34,3,123,13,16,0,3,45,KIA,고종욱,4,KIA
18,2,505,0.287,131,145,5,583,74,40,8,5,182,KIA,박찬호,5,KIA
26,3,319,0.279,101,89,6,367,43,39,8,1,139,KIA,김호령,6,KIA
2,0,62,0.274,53,17,0,75,17,4,0,0,19,KIA,박정우,7,KIA
16,0,254,0.272,78,69,9,300,27,35,0,1,112,KIA,나성범,8,KIA
7,0,141,0.270,37,38,6,151,23,15,2,0,63,KIA,윤도현,9,KIA
1,2,117,0.265,47,31,2,134,14,16,0,1,42,KIA,김석환,10,KIA
17,1,421,0.264,120,111,18,458,58,53,0,0,184,KIA,오선우,11,KIA
10,1,236,0.258,100,61,5,274,20,31,8,3,88,KIA,김태군,12,KIA
0,0,8,0.250,13,2,0,9,1,0,0,0,2,KIA,정현창,13,KIA
1,0,8,0.250,5,2,0,9,1,0,0,0,3,KIA,주효상,13,KIA
4,0,180,0.239,129,43,2,208,29,14,5,0,53,KIA,김규성,15,KIA
1,0,21,0.238,15,5,0,23,3,0,0,0,6,KIA,한승택,16,KIA
19,1,414,0.232,116,96,33,474,70,81,0,6,216,KIA,위즈덤,17,KIA
12,1,232,0.228,99,53,7,264,33,26,0,3,88,KIA,한준수,18,KIA
7,0,142,0.218,47,31,0,153,11,17,0,0,38,KIA,변우혁,19,KIA
5,0,94,0.202,69,19,1,105,11,6,3,0,27,KIA,박민,20,KIA
3,0,53,0.189,18,10,1,57,3,8,0,1,16,KIA,황대인,21,KIA
0,0,6,0.167,4,1,0,6,0,0,0,0,1,KIA,최정용,22,KIA
3,0,93,0.161,37,15,1,113,11,9,1,1,21,KIA,이창진,23,KIA
1,0,22,0.136,10,3,1,26,1,2,2,0,7,KIA,서건창,24,KIA
0,0,35,0.086,21,3,0,40,5,0,0,0,3,KIA,정해원,25,KIA
1,0,55,0.073,54,4,0,62,9,3,0,1,5,KIA,박재현,26,KIA
0,0,1,0.000,2,0,0,1,0,0,0,0,0,KIA,김기훈,27,KIA
0,0,0,-,1,0,0,0,0,0,0,0,0,KIA,김대유,27,KIA
0,0,0,-,3,0,0,0,0,0,0,0,0,KIA,김시훈,27,KIA
0,0,7,0.000,5,0,0,9,0,0,0,0,0,KIA,박헌,27,KIA
0,0,0,-,1,0,0,0,0,0,0,0,0,KIA,이준영,27,KIA
0,0,0,-,1,0,0,0,0,0,0,0,0,KIA,전상현,27,KIA
0,0,0,-,1,0,0,0,0,0,0,0,0,KIA,정해영,27,KIA
0,0,0,-,2,0,0,0,0,0,0,0,0,KIA,조상우,27,KIA
0,0,0,-,2,0,0,0,0,0,0,0,0,KIA,한재승,27,KIA
0,0,0,-,2,0,0,0,0,0,0,0,0,KIA,황동하,27,KIA
3,0,43,0.395,36,17,1,50,10,6,1,0,23,두산,박지훈,1,두산
1,0,26,0.346,9,9,2,27,3,3,0,0,16,두산,홍성호,2,두산
27,1,452,0.338,129,153,20,515,56,89,0,6,242,두산,양의지,3,두산
15,1,131,0.321,34,42,4,142,24,20,1,0,71,두산,안재석,4,두산
27,6,533,0.298,135,159,16,588,72,85,0,8,246,두산,케이브,5,두산
11,2,282,0.284,91,80,4,298,34,19,2,3,107,두산,박준순,6,두산
4,0,83,0.277,33,23,2,89,7,11,1,1,33,두산,임종성,7,두산
9,2,174,0.264,93,46,1,196,23,27,7,1,62,두산,박계범,8,두산
14,4,331,0.263,107,87,4,371,38,41,7,3,121,두산,오명진,9,두산
15,4,459,0.257,131,118,6,542,88,38,7,4,159,두산,정수빈,10,두산
16,0,258,0.248,71,64,7,290,31,29,0,3,101,두산,양석환,11,두산
9,0,215,0.247,99,53,2,241,19,24,4,2,68,두산,김기연,12,두산
4,0,118,0.246,107,29,0,139,30,9,7,0,33,두산,조수행,13,두산
8,1,265,0.242,88,64,1,307,35,16,6,1,77,두산,이유찬,14,두산
12,2,343,0.239,102,82,13,406,42,50,0,2,137,두산,김재환,15,두산
3,0,93,0.237,36,22,2,100,8,10,1,0,31,두산,김동준,16,두산
19,3,356,0.236,114,84,8,396,50,37,2,3,133,두산,강승호,17,두산
7,3,228,0.228,95,52,1,247,21,21,2,3,68,두산,김민석,18,두산
8,0,111,0.225,41,25,1,126,9,10,1,1,36,두산,박준영,19,두산
3,1,81,0.222,34,18,1,87,7,7,2,0,26,두산,추재현,20,두산
10,1,183,0.213,106,39,3,225,17,25,0,1,60,두산,김인태,21,두산
1,0,15,0.200,9,3,0,17,1,0,1,0,4,두산,김준상,22,두산
0,0,36,0.194,16,7,1,37,1,5,0,0,10,두산,김대한,23,두산
1,0,11,0.182,10,2,0,11,0,0,0,0,3,두산,이선우,24,두산
0,0,22,0.136,17,3,0,22,2,1,0,0,3,두산,류현준,25,두산
0,0,17,0.118,10,2,1,21,2,1,0,0,5,두산,김민혁,26,두산
0,0,19,0.105,19,2,0,21,6,2,0,0,2,두산,여동건,27,두산
0,0,12,0.083,22,1,0,12,5,0,0,0,1,두산,전다민,28,두산
0,0,2,0.000,1,0,0,2,0,0,0,0,0,두산,강현구,29,두산
0,0,0,-,1,0,0,0,0,0,0,0,0,두산,고효준,29,두산
0,0,1,0.000,1,0,0,1,0,0,0,0,0,두산,김성재,29,두산
0,0,0,-,1,0,0,0,0,0,0,0,0,두산,김재호,29,두산
0,0,0,-,1,0,0,0,0,0,0,0,0,두산,김정우,29,두산
0,0,0,-,4,0,0,0,0,0,0,0,0,두산,김택연,29,두산
0,0,0,-,1,0,0,0,0,0,0,0,0,두산,김한중,29,두산
0,0,0,-,1,0,0,0,0,0,0,0,0,두산,김호준,29,두산
0,0,2,0.000,7,0,0,2,0,0,0,0,0,두산,박민준,29,두산
0,0,7,0.000,6,0,0,7,0,0,0,0,0,두산,박성재,29,두산
0,0,0,-,1,0,0,0,0,0,0,0,0,두산,박신지,29,두산
0,0,0,-,1,0,0,0,0,0,0,0,0,두산,박치국,29,두산
0,0,0,-,1,0,0,0,0,0,0,0,0,두산,양재훈,29,두산
0,0,0,-,1,0,0,0,0,0,0,0,0,두산,이영하,29,두산
0,0,2,0.000,4,0,0,2,0,0,0,0,0,두산,장승현,29,두산
0,0,3,0.000,3,0,0,3,0,0,0,0,0,두산,천현재,29,두산
0,0,0,-,1,0,0,0,0,0,0,0,0,두산,최원준,29,두산
0,0,0,-,2,0,0,0,0,0,0,0,0,두산,홍민규,29,두산
0,0,2,0.5,2,1,0,2,0,0,0,0,1,키움,이재상,1,키움
37,4,570,0.316,143,180,25,642,102,89,0,3,300,키움,송성문,2,키움
0,0,16,0.313,11,5,0,17,2,2,0,0,5,키움,이주형,3,키움
31,1,459,0.275,120,126,12,506,45,74,0,6,195,키움,최주환,4,키움
3,0,82,0.268,49,22,0,91,8,8,0,1,25,키움,김동헌,5,키움
2,0,19,0.263,12,5,0,20,2,4,0,1,7,키움,변상권,6,키움
15,1,320,0.253,86,81,7,361,33,42,0,3,119,키움,카디네스,7,키움
0,0,4,0.25,7,1,0,6,2,0,0,0,1,키움,김병휘,8,키움
14,2,365,0.247,101,90,11,413,51,50,1,3,141,키움,임지열,9,키움
20,2,318,0.245,104,78,3,340,24,25,7,2,111,키움,김건희,10,키움
22,1,443,0.242,126,107,11,510,54,45,3,0,164,키움,이주형,11,키움
0,0,87,0.241,22,21,2,93,4,15,0,1,27,키움,스톤,12,키움
9,1,321,0.24,115,77,6,356,48,27,3,1,106,키움,어준서,13,키움
8,0,143,0.238,98,34,1,163,15,19,4,1,45,키움,오선진,14,키움
5,0,152,0.237,57,36,1,170,21,11,0,1,44,키움,주성원,15,키움
4,3,132,0.235,51,31,2,139,12,13,1,1,47,키움,임병욱,16,키움
11,2,279,0.233,94,65,5,304,27,25,2,3,95,키움,김태진,17,키움
5,0,182,0.231,77,42,0,207,20,10,3,2,47,키움,전태현,18,키움
11,3,244,0.225,101,55,3,279,33,23,2,2,81,키움,박주홍,19,키움
2,0,27,0.222,9,6,0,29,2,2,0,0,8,키움,김동엽,20,키움
1,0,23,0.217,14,5,0,26,4,2,1,0,6,키움,고영우,21,키움
1,0,37,0.216,14,8,0,41,7,0,1,0,9,키움,이용규,22,키움
2,0,156,0.212,40,33,6,172,17,20,0,0,53,키움,푸이그,23,키움
5,0,120,0.208,62,25,0,128,12,5,4,0,30,키움,김재현,24,키움
3,0,70,0.2,33,14,2,82,4,6,2,0,23,키움,이형종,25,키움
0,0,16,0.188,10,3,0,18,1,1,0,1,3,키움,염승원,26,키움
0,0,11,0.182,6,2,0,13,1,1,0,0,2,키움,강진성,27,키움
3,0,80,0.175,33,14,1,86,5,8,0,1,20,키움,송지후,28,키움
1,0,46,0.174,24,8,2,53,5,4,0,0,15,키움,원성준,29,키움
0,0,42,0.143,38,6,1,45,6,2,0,0,9,키움,박수종,30,키움
0,0,7,0.143,5,1,0,8,1,0,0,0,1,키움,이원석,30,키움
0,0,14,0.143,10,2,0,16,1,2,0,0,2,키움,장재영,30,키움
1,0,51,0.137,27,7,2,59,6,2,1,0,14,키움,여동욱,33,키움
0,0,20,0.100,22,2,0,24,1,1,2,0,2,키움,권혁빈,34,키움
0,0,24,0.083,10,2,0,31,1,0,1,0,2,키움,김웅빈,35,키움
0,0,12,0.083,12,1,0,14,1,0,0,0,1,키움,양현종,35,키움
0,0,0,-,3,0,0,0,0,0,0,0,0,키움,박윤성,37,키움
0,0,0,-,1,0,0,0,0,0,0,0,0,키움,박정훈,37,키움
0,0,0,-,2,0,0,0,0,0,0,0,0,키움,박주성,37,키움
0,0,7,0.000,6,0,0,8,0,0,0,0,0,키움,서유신,37,키움
0,0,0,-,1,0,0,0,0,0,0,0,0,키움,알칸타라,37,키움
0,0,2,0.000,1,0,0,2,0,0,0,0,0,키움,이승원,37,키움
0,0,0,-,1,0,0,0,0,0,0,0,0,키움,이준우,37,키움
0,0,0,-,2,0,0,0,0,0,0,0,0,키움,주승우,37,키움
