BB,ER,ERA,G,H,HBP,HLD,HR,IP,L,R,SO,SV,W,WHIP,WPCT,team_filter,선수명,순위,팀명
1,0,0.0,2,0,0,0,0,1 2/3,0,0,2,0,0,0.6,-,LG,이종준,1,LG
8,2,1.46,12,7,1,4,0,12 1/3,0,2,9,1,1,1.22,1.000,LG,김강률,2,LG
14,4,1.89,23,13,1,0,0,19,1,6,20,0,0,1.42,0.000,LG,이우찬,3,LG
29,15,2.31,64,48,3,7,2,58 1/3,2,16,56,1,3,1.32,0.600,LG,김영우,4,LG
23,12,2.7,38,31,2,1,2,40,2,14,51,21,2,1.35,0.500,LG,유영찬,5,LG
16,14,2.86,8,39,2,0,2,44,2,15,45,0,6,1.25,0.750,LG,톨허스트,6,LG
40,54,3.03,27,163,6,0,9,160 1/3,7,61,107,0,11,1.27,0.611,LG,임찬규,7,LG
36,62,3.23,29,166,8,0,5,173,5,68,133,0,13,1.17,0.722,LG,치리노스,8,LG
46,57,3.39,29,150,4,0,8,151 1/3,6,66,129,0,11,1.3,0.647,LG,손주영,9,LG
49,54,3.5,27,142,1,0,14,139,5,59,121,0,11,1.37,0.688,LG,송승기,10,LG
24,27,3.52,76,60,0,33,7,69,4,28,61,1,6,1.22,0.600,LG,김진성,11,LG
19,21,3.83,55,64,5,5,4,49 1/3,3,24,38,10,3,1.68,0.500,LG,장현식,12,LG
28,13,3.99,32,27,1,2,2,29 1/3,0,13,27,0,1,1.88,1.000,LG,백승현,13,LG
24,31,4.23,14,53,5,0,7,66,4,32,73,0,4,1.17,0.500,LG,에르난데스,14,LG
6,5,4.66,11,12,2,0,0,9 2/3,0,5,5,0,0,1.86,-,LG,우강훈,15,LG
23,25,4.79,42,48,1,4,4,47,2,26,39,3,1,1.51,0.333,LG,이지강,16,LG
16,21,4.89,44,36,5,10,5,38 2/3,4,21,30,4,3,1.34,0.429,LG,박명근,17,LG
11,19,5.18,38,32,2,7,3,33,1,19,25,1,6,1.3,0.857,LG,이정용,18,LG
14,17,5.28,13,35,1,2,3,29,1,17,21,0,0,1.69,0.000,LG,최채흥,19,LG
0,1,5.4,2,2,0,0,2,1 2/3,0,3,2,0,0,1.2,-,LG,김종운,20,LG
7,8,5.54,14,9,1,1,1,13,0,8,14,0,0,1.23,-,LG,배재준,21,LG
18,18,6.15,30,13,0,1,1,26 1/3,3,19,26,0,2,1.18,0.400,LG,함덕주,22,LG
4,18,7.04,5,28,5,0,4,23,1,19,8,0,1,1.39,0.500,LG,코엔 윈,23,LG
1,5,9.0,4,11,0,0,2,5,0,5,6,0,0,2.4,-,LG,김진수,24,LG
9,9,9.0,12,10,0,0,2,9,0,9,6,0,0,2.11,-,LG,성동현,24,LG
4,6,12.46,6,8,1,0,0,4 1/3,0,6,5,0,0,2.77,-,LG,김유영,26,LG
5,2,13.5,2,0,0,0,0,1 1/3,0,2,0,0,0,3.75,-,LG,박시원,27,LG
4,6,20.25,4,1,1,0,1,2 2/3,0,6,3,0,0,1.88,-,LG,정우영,28,LG
2,1,27.0,1,0,2,0,0,1/3,1,1,1,0,0,6.0,0.000,LG,김주온,29,LG
5,3,1.72,11,11,1,0,1,15 2/3,0,3,17,0,0,1.02,-,한화,윤산흠,1,한화
40,36,1.85,28,122,6,0,9,174 2/3,1,39,242,0,17,0.93,0.944,한화,폰세,2,한화
23,16,2.31,69,56,7,16,4,62 1/3,3,18,50,3,3,1.27,0.500,한화,한승혁,3,한화
22,12,2.31,71,29,4,6,0,46 2/3,1,17,40,2,2,1.09,0.667,한화,김범수,4,한화
30,19,2.66,67,49,8,2,2,64 1/3,3,19,70,33,1,1.23,0.250,한화,김서현,5,한화
21,17,2.91,50,34,9,3,6,52 2/3,0,18,82,0,3,1.04,1.000,한화,정우주,6,한화
56,57,2.99,29,126,12,0,13,171 2/3,5,63,202,0,16,1.06,0.762,한화,와이스,7,한화
6,5,3.07,5,16,1,0,0,14 2/3,1,5,8,0,0,1.5,0.000,한화,김기중,8,한화
25,50,3.23,26,144,4,0,12,139 1/3,7,54,122,0,9,1.21,0.563,한화,류현진,9,한화
35,23,3.3,62,57,4,5,5,62 2/3,5,30,58,0,4,1.47,0.444,한화,김종수,10,한화
5,5,3.97,14,14,1,0,0,11 1/3,1,5,8,0,0,1.68,0.000,한화,이태양,11,한화
31,54,4.02,24,112,3,0,7,121,5,57,135,0,11,1.18,0.688,한화,문동주,12,한화
29,27,4.05,68,77,4,5,4,60,3,29,43,2,3,1.77,0.500,한화,조동욱,13,한화
21,31,4.25,73,67,8,15,4,65 2/3,3,35,50,0,4,1.34,0.571,한화,박상원,14,한화
10,24,5.31,47,58,3,3,8,40 2/3,2,25,36,1,5,1.67,0.714,한화,주현상,15,한화
25,33,5.4,22,53,2,0,7,55,8,37,56,0,2,1.42,0.200,한화,황준서,16,한화
38,59,6.58,28,106,8,1,13,80 2/3,7,60,74,0,2,1.79,0.222,한화,엄상백,17,한화
4,8,8.0,5,16,0,0,0,9,1,9,5,0,0,2.22,0.000,한화,이상규,18,한화
7,5,8.44,5,5,0,0,1,5 1/3,0,5,4,0,0,2.25,-,한화,권민규,19,한화
2,4,12.0,3,6,1,0,1,3,0,4,3,0,0,2.67,-,한화,강재민,20,한화
2,3,16.2,2,3,0,0,1,1 2/3,0,3,1,0,0,3.0,-,한화,원종혁,21,한화
3,7,23.63,5,3,3,0,1,2 2/3,0,7,3,0,0,2.25,-,한화,김승일,22,한화
18,12,1.63,68,41,0,0,5,66 1/3,4,13,79,29,5,0.89,0.556,SSG,조병현,1,SSG
26,17,2.01,74,56,0,32,7,76,5,19,66,1,6,1.08,0.545,SSG,이로운,2,SSG
25,19,2.16,76,59,3,34,2,79,6,22,67,3,3,1.06,0.333,SSG,노경은,3,SSG
51,43,2.25,30,121,9,0,13,171 2/3,7,53,245,0,12,1.0,0.632,SSG,앤더슨,4,SSG
12,6,2.42,16,20,8,2,3,22 1/3,0,8,13,0,0,1.43,-,SSG,박기호,5,SSG
44,43,2.87,24,111,8,0,9,134 2/3,4,51,137,0,11,1.15,0.733,SSG,화이트,6,SSG
17,21,3.02,69,60,6,21,7,62 2/3,2,23,64,1,5,1.23,0.714,SSG,김민,7,SSG
10,7,3.1,23,18,3,1,0,20 1/3,0,7,13,0,0,1.38,-,SSG,김택형,8,SSG
29,19,3.31,51,44,5,3,5,51 2/3,2,24,33,0,6,1.41,0.750,SSG,박시후,9,SSG
47,26,3.84,34,49,7,2,1,61,4,28,64,0,4,1.57,0.500,SSG,김건우,10,SSG
23,29,4.1,39,71,3,1,6,63 2/3,2,33,42,0,2,1.48,0.500,SSG,최민준,11,SSG
18,17,4.37,42,42,1,3,0,35,0,19,27,1,2,1.71,1.000,SSG,한두솔,12,SSG
26,26,4.56,33,47,5,0,5,51 1/3,5,27,54,0,1,1.42,0.167,SSG,전영준,13,SSG
49,74,4.79,27,154,4,0,12,139,9,79,132,0,10,1.46,0.526,SSG,김광현,14,SSG
38,60,5.24,22,109,5,0,16,103,7,61,59,0,4,1.43,0.364,SSG,문승원,15,SSG
30,38,5.86,20,70,3,0,8,58 1/3,4,40,36,0,2,1.71,0.333,SSG,송영진,16,SSG
6,12,6.23,13,21,2,0,5,17 1/3,0,13,11,0,0,1.56,-,SSG,최현석,17,SSG
3,1,6.75,2,1,0,0,0,1 1/3,0,1,0,0,0,3.0,-,SSG,서진용,18,SSG
18,15,7.11,5,15,5,0,4,19,2,17,10,0,0,1.74,0.000,SSG,박종훈,19,SSG
12,16,9.19,10,19,0,0,2,15 2/3,0,16,14,0,0,1.98,-,SSG,정동윤,20,SSG
0,0,0.0,2,1,0,1,0,2/3,0,0,0,0,0,1.5,-,삼성,김대우,1,삼성
2,0,0.0,3,0,0,0,0,2 2/3,0,0,1,0,0,0.75,-,삼성,양현,1,삼성
0,0,0.0,1,2,0,0,0,1,0,0,1,0,0,2.0,-,삼성,이상민,1,삼성
1,0,0.0,1,1,1,0,0,1,0,0,0,0,0,2.0,-,삼성,홍원표,1,삼성
2,1,1.42,6,7,0,0,0,6 1/3,0,1,5,0,1,1.42,1.000,삼성,이재익,5,삼성
7,7,1.95,29,19,2,3,1,32 1/3,0,7,31,1,2,0.8,1.000,삼성,백정현,6,삼성
37,23,2.64,15,56,6,0,6,78 1/3,4,31,84,0,4,1.19,0.500,삼성,가라비토,7,삼성
35,57,2.7,29,175,4,0,17,190 1/3,8,65,132,0,14,1.1,0.636,삼성,후라도,8,삼성
5,3,3.0,11,7,0,4,0,9,2,3,9,0,0,1.33,0.000,삼성,이재희,9,삼성
27,60,3.24,27,157,6,0,20,166 2/3,4,66,108,0,12,1.1,0.750,삼성,원태인,10,삼성
19,24,3.43,33,67,9,2,3,63,3,29,45,0,3,1.37,0.500,삼성,양창섭,11,삼성
26,26,3.71,61,60,3,8,5,63,2,36,51,0,3,1.37,0.600,삼성,이승민,12,삼성
34,22,3.96,64,49,2,18,3,50,3,25,56,0,2,1.66,0.400,삼성,배찬승,13,삼성
12,23,4.14,10,51,3,0,5,50,3,26,35,0,4,1.26,0.571,삼성,레예스,14,삼성
3,3,4.5,5,9,0,0,0,6,0,3,2,0,0,2.0,-,삼성,송은범,15,삼성
26,33,4.55,72,65,2,19,8,65 1/3,6,34,74,2,2,1.39,0.250,삼성,김태훈,16,삼성
21,14,4.73,26,19,0,1,3,26 2/3,1,18,16,0,0,1.5,0.000,삼성,육선엽,17,삼성
51,68,4.92,27,128,12,0,13,124 1/3,7,72,109,0,8,1.44,0.533,삼성,최원태,18,삼성
13,32,5.05,62,57,1,3,10,57,7,34,42,13,4,1.23,0.364,삼성,김재윤,19,삼성
15,12,5.14,11,25,1,0,3,21,1,13,19,0,0,1.9,0.000,삼성,김대호,20,삼성
7,7,5.25,15,17,1,2,5,12,0,8,5,0,1,2.0,1.000,삼성,임창민,21,삼성
46,61,5.42,25,121,9,0,10,101 1/3,9,64,74,0,4,1.65,0.308,삼성,이승현,22,삼성
11,25,6.31,42,43,1,11,9,35 2/3,1,26,29,0,2,1.51,0.667,삼성,이승현,23,삼성
29,39,6.34,58,54,2,3,7,55 1/3,4,44,69,9,7,1.5,0.636,삼성,이호성,24,삼성
14,16,6.97,15,27,2,0,1,20 2/3,1,16,22,0,0,1.98,0.000,삼성,황동재,25,삼성
3,8,8.31,11,15,0,0,1,8 2/3,0,8,6,0,0,2.08,-,삼성,오승환,26,삼성
1,1,9.0,2,1,0,0,0,1,0,1,1,0,0,2.0,-,삼성,최성훈,27,삼성
1,3,27.0,3,3,1,0,0,1,0,4,1,0,0,4.0,-,삼성,최충연,28,삼성
0,4,36.0,1,3,2,0,0,1,1,4,0,0,0,3.0,0.000,삼성,정민성,29,삼성
2,2,2.0,7,13,0,0,0,9,0,2,5,0,1,1.67,1.000,KT,최용준,1,KT
3,12,2.49,52,44,4,9,2,43 1/3,2,12,23,0,1,1.08,0.333,KT,우규민,2,KT
9,12,2.61,39,31,2,5,4,41 1/3,0,12,30,0,3,0.97,1.000,KT,이상동,3,KT
4,2,2.7,6,4,0,0,1,6 2/3,0,2,9,0,0,1.2,-,KT,박건우,4,KT
29,56,3.16,28,166,15,0,9,159 2/3,7,65,154,0,11,1.22,0.611,KT,고영표,5,KT
29,51,3.25,25,149,3,0,6,141 1/3,7,57,121,1,9,1.26,0.563,KT,소형준,6,KT
19,10,3.25,19,20,0,0,3,27 2/3,0,11,29,0,1,1.41,1.000,KT,문용익,7,KT
51,49,3.34,24,126,4,0,9,132,8,55,113,0,11,1.34,0.579,KT,오원석,8,KT
19,20,3.46,13,57,2,2,2,52,3,25,41,0,3,1.46,0.500,KT,패트릭,9,KT
34,26,3.55,65,66,1,1,9,66,6,31,73,35,5,1.52,0.455,KT,박영현,10,KT
12,25,3.84,58,66,3,13,6,58 2/3,0,30,55,1,5,1.33,1.000,KT,손동현,11,KT
43,70,3.94,31,168,8,1,15,160,9,82,163,0,9,1.32,0.500,KT,헤이수스,12,KT
7,6,3.95,21,18,0,4,0,13 2/3,1,8,11,0,0,1.83,0.000,KT,전용주,13,KT
13,20,4.43,34,48,0,0,3,40 2/3,1,23,19,0,0,1.5,0.000,KT,주권,14,KT
15,29,5.05,57,62,1,11,5,51 2/3,3,30,36,0,4,1.49,0.571,KT,김민수,15,KT
7,5,5.19,10,11,1,0,0,8 2/3,0,7,6,0,0,2.08,-,KT,임준형,16,KT
35,33,5.21,52,56,1,14,8,57,3,35,45,0,0,1.6,0.000,KT,원상현,17,KT
0,7,5.4,3,17,1,0,2,11 2/3,2,7,3,0,1,1.46,0.333,KT,조이현,18,KT
46,59,5.4,18,104,5,0,13,98 1/3,10,69,60,0,3,1.53,0.231,KT,쿠에바스,18,KT
11,17,5.67,8,38,0,0,2,27,3,17,23,0,2,1.81,0.400,KT,배제성,20,KT
5,8,6.17,10,12,2,0,1,11 2/3,0,8,8,0,0,1.46,-,KT,이채호,21,KT
12,18,8.68,20,27,1,0,4,18 2/3,1,19,9,0,1,2.09,0.500,KT,최동환,22,KT
8,5,10.38,4,3,1,0,0,4 1/3,0,5,4,0,0,2.54,-,KT,김재원,23,KT
3,5,13.5,3,7,0,0,2,3 1/3,0,5,4,0,0,3.0,-,KT,김동현,24,KT
2,3,16.2,2,4,0,0,0,1 2/3,0,3,1,0,0,3.6,-,KT,한차현,25,KT
4,8,16.62,6,9,1,0,0,4 1/3,0,8,3,0,0,3.0,-,KT,이정현,26,KT
1,2,18.0,1,3,0,0,1,1,0,2,1,0,0,4.0,-,KT,강백호,27,KT
7,10,24.55,2,7,1,0,1,3 2/3,1,10,1,0,0,3.82,0.000,KT,강건,28,KT
0,0,0.0,1,0,0,0,0,1/3,0,0,0,0,0,0.0,-,NC,데이비슨,1,NC
17,14,3.07,44,39,3,21,3,41,3,17,32,0,3,1.37,0.500,NC,김영규,2,NC
28,24,3.27,62,50,6,0,6,66,3,27,57,29,4,1.18,0.571,NC,류진욱,3,NC
45,27,3.42,75,52,9,20,5,71,3,30,68,6,4,1.37,0.571,NC,김진호,4,NC
1,4,3.48,3,13,0,0,1,10 1/3,0,4,9,0,0,1.35,-,NC,구창모,5,NC
55,65,3.51,29,131,3,0,17,166 2/3,7,75,209,0,16,1.12,0.696,NC,라일리,6,NC
35,28,4.27,68,47,11,24,3,59,4,34,49,2,2,1.39,0.333,NC,배재환,7,NC
33,37,4.29,72,84,11,12,2,77 2/3,7,43,59,2,7,1.51,0.500,NC,전사민,8,NC
19,24,4.41,50,52,1,7,4,49,1,28,34,0,6,1.45,0.857,NC,손주환,9,NC
67,87,4.53,32,180,10,0,18,173,12,98,149,0,7,1.43,0.368,NC,로건,10,NC
26,69,4.79,27,145,6,0,23,129 2/3,3,75,82,0,6,1.32,0.667,NC,신민혁,11,NC
9,10,4.82,31,18,4,4,3,18 2/3,1,13,15,0,1,1.45,0.500,NC,임정호,12,NC
16,11,5.21,18,17,1,0,4,19,0,15,9,0,0,1.74,-,NC,김태훈,13,NC
5,2,5.4,5,1,0,1,0,3 1/3,1,2,6,0,0,1.8,0.000,NC,임지민,14,NC
7,5,5.63,7,5,1,0,0,8,0,5,3,0,0,1.5,-,NC,소이현,15,NC
42,39,6.05,16,68,5,0,6,58,5,42,45,0,3,1.9,0.375,NC,목지훈,16,NC
16,15,6.23,22,32,1,2,5,21 2/3,0,16,16,0,0,2.22,-,NC,김재열,17,NC
28,33,6.23,35,62,3,4,6,47 2/3,2,33,33,0,2,1.89,0.500,NC,최성영,17,NC
47,51,6.56,21,75,3,1,10,70,4,53,37,0,3,1.74,0.429,NC,김녹원,19,NC
7,4,6.75,9,9,0,1,0,5 1/3,1,4,5,0,1,3.0,0.500,NC,하준영,20,NC
11,10,6.92,6,12,2,0,3,13,1,10,4,0,0,1.77,0.000,NC,조민석,21,NC
20,30,7.3,25,43,6,0,8,37,3,33,30,0,1,1.7,0.250,NC,이준혁,22,NC
16,12,7.53,8,8,3,0,2,14 1/3,3,13,19,0,1,1.67,0.250,NC,신영우,23,NC
4,4,7.71,7,5,0,1,0,4 2/3,0,4,2,0,0,1.93,-,NC,김민규,24,NC
9,13,8.16,12,23,0,0,1,14 1/3,0,16,15,0,0,2.23,-,NC,최우석,25,NC
0,1,9.0,1,3,0,0,1,1,0,1,1,0,0,3.0,-,NC,도태훈,26,NC
12,18,10.57,12,23,4,1,1,15 1/3,2,18,14,0,1,2.28,0.333,NC,이용찬,27,NC
8,13,11.7,5,17,2,1,4,10,0,19,9,0,0,2.5,-,NC,김태경,28,NC
3,4,12.0,5,5,2,1,2,3,0,4,2,0,0,2.67,-,NC,김태현,29,NC
3,2,18.0,1,2,0,0,0,1,0,2,0,0,0,5.0,-,NC,임상현,30,NC
31,17,2.58,52,54,2,0,4,59 1/3,2,20,67,32,4,1.43,0.667,롯데,김원중,1,롯데
1,1,3.0,4,5,0,0,0,3,0,2,2,0,1,2.0,1.000,롯데,심재민,2,롯데
11,11,3.09,25,24,2,3,0,32,2,13,39,0,0,1.09,0.000,롯데,홍민기,3,롯데
49,43,3.58,19,97,4,0,6,108,8,54,117,0,7,1.35,0.467,롯데,감보아,4,롯데
48,50,3.65,22,123,5,0,10,123 1/3,5,53,119,0,10,1.39,0.667,롯데,데이비슨,5,롯데
0,1,3.86,2,3,0,0,1,2 1/3,0,1,0,0,0,1.29,-,롯데,정성종,6,롯데
50,59,3.87,28,143,5,0,13,137 1/3,7,67,116,0,3,1.41,0.300,롯데,나균안,7,롯데
26,21,3.97,82,34,2,12,4,47 2/3,0,23,47,0,2,1.26,1.000,롯데,정현수,8,롯데
21,32,4.0,67,69,7,4,9,72,2,37,36,0,2,1.25,0.500,롯데,김강현,9,롯데
24,12,4.0,46,19,0,3,3,27,0,13,28,0,1,1.59,1.000,롯데,송재영,9,롯데
28,33,4.3,74,71,7,21,4,69,3,34,54,0,8,1.43,0.727,롯데,정철원,11,롯데
4,1,4.5,1,1,0,0,0,2,0,2,2,0,0,2.5,-,롯데,김태현,12,롯데
54,88,4.93,29,183,8,0,15,160 2/3,13,99,156,0,11,1.48,0.458,롯데,박세웅,13,롯데
56,51,5.26,20,104,2,0,10,87 1/3,5,56,61,0,2,1.83,0.286,롯데,이민석,14,롯데
17,27,5.32,8,47,2,0,4,45 2/3,4,31,38,0,3,1.4,0.429,롯데,반즈,15,롯데
22,41,5.32,51,76,1,3,10,69 1/3,3,42,50,1,3,1.41,0.500,롯데,박진,16,롯데
0,2,5.4,3,6,1,0,0,3 1/3,0,2,3,0,0,1.8,-,롯데,정우준,17,롯데
16,32,5.4,48,50,6,17,5,53 1/3,4,35,62,1,4,1.24,0.500,롯데,최준용,17,롯데
2,6,6.23,3,13,1,1,2,8 2/3,0,6,8,0,0,1.73,-,롯데,한현희,19,롯데
18,26,6.38,45,48,3,3,4,36 2/3,1,26,27,2,0,1.8,0.000,롯데,김상수,20,롯데
7,7,7.0,11,9,1,1,1,9,1,10,10,0,0,1.78,0.000,롯데,구승민,21,롯데
20,23,7.67,31,26,4,0,3,27,2,23,44,0,1,1.7,0.333,롯데,윤성빈,22,롯데
6,11,8.03,11,21,1,1,0,12 1/3,2,11,11,0,1,2.19,0.333,롯데,박준우,23,롯데
3,5,8.44,7,9,0,0,1,5 1/3,0,7,5,0,0,2.25,-,롯데,박진형,24,롯데
0,2,9.0,3,5,1,0,1,2,0,2,2,0,0,2.5,-,롯데,이영재,25,롯데
18,32,9.93,10,45,1,0,7,29,4,32,25,0,1,2.17,0.200,롯데,벨라스케즈,26,롯데
16,30,10.0,14,42,2,0,10,27,3,32,24,0,1,2.15,0.250,롯데,김진욱,27,롯데
9,9,11.05,11,9,2,0,0,7 1/3,0,9,10,0,1,2.45,1.000,롯데,박시영,28,롯데
1,6,14.73,3,8,1,0,1,3 2/3,0,6,4,0,0,2.45,-,롯데,박세현,29,롯데
0,0,0.0,1,2,0,0,0,2,0,0,1,0,0,1.0,-,KIA,김민재,1,KIA
0,0,0.0,1,0,0,0,0,1,0,0,0,0,0,0.0,-,KIA,유지성,1,KIA
13,9,1.55,45,38,0,7,2,52 1/3,2,11,30,0,3,0.97,0.600,KIA,성영탁,3,KIA
41,41,2.25,27,135,15,0,6,164 1/3,4,46,152,0,8,1.07,0.667,KIA,네일,4,KIA
13,5,2.65,17,16,1,0,2,17,0,5,11,0,0,1.71,-,KIA,김현수,5,KIA
9,8,2.88,21,20,1,0,1,25,1,9,25,0,1,1.16,0.500,KIA,김기훈,6,KIA
20,26,3.39,73,64,2,25,4,69,5,30,50,1,7,1.22,0.583,KIA,전상현,7,KIA
46,55,3.44,25,118,8,0,8,144,6,59,165,0,11,1.14,0.647,KIA,올러,8,KIA
6,8,3.72,7,20,5,0,3,19 1/3,2,8,6,0,0,1.34,0.000,KIA,김태형,9,KIA
18,26,3.86,59,75,3,0,4,60 2/3,7,30,70,27,2,1.53,0.222,KIA,정해영,10,KIA
27,26,3.97,71,62,6,28,5,59,6,29,55,1,6,1.51,0.500,KIA,조상우,11,KIA
7,5,4.35,13,10,0,0,2,10 1/3,0,5,7,0,1,1.65,1.000,KIA,윤중현,12,KIA
2,1,4.5,1,3,0,0,0,2,0,1,3,0,0,2.5,-,KIA,유승철,13,KIA
55,78,4.67,29,162,4,0,11,150 1/3,9,93,105,0,7,1.44,0.438,KIA,양현종,14,KIA
33,67,4.81,24,149,10,0,11,125 1/3,7,79,71,0,4,1.45,0.364,KIA,김도현,15,KIA
11,18,4.96,55,35,1,7,6,32 2/3,1,18,33,0,3,1.41,0.750,KIA,이준영,16,KIA
30,31,5.58,13,52,1,0,4,50,7,37,43,0,2,1.64,0.222,KIA,윤영철,17,KIA
3,2,6.0,3,3,0,0,1,3,0,2,2,0,0,2.0,-,KIA,장재혁,18,KIA
10,21,6.03,15,35,3,0,4,31 1/3,2,21,25,0,1,1.44,0.333,KIA,황동하,19,KIA
51,37,6.36,65,44,4,9,5,52 1/3,4,38,39,0,2,1.82,0.333,KIA,최지민,20,KIA
31,24,6.68,35,39,1,1,5,32 1/3,1,29,35,1,1,2.16,0.500,KIA,한재승,21,KIA
17,35,6.85,26,59,5,1,11,46,3,38,31,0,0,1.65,0.000,KIA,김건국,22,KIA
31,35,7.94,10,41,3,0,6,39 2/3,4,37,42,0,1,1.82,0.200,KIA,이의리,23,KIA
9,14,8.59,13,21,2,0,0,14 2/3,0,14,7,0,1,2.05,1.000,KIA,이호민,24,KIA
10,23,9.0,21,32,0,1,7,23,0,24,17,0,1,1.83,1.000,KIA,김시훈,25,KIA
4,9,9.72,15,12,0,1,1,8 1/3,1,9,3,0,0,1.92,0.000,KIA,김대유,26,KIA
7,10,11.25,5,12,1,0,1,8,1,11,6,0,0,2.38,0.000,KIA,이도현,27,KIA
5,13,11.7,12,21,0,0,0,10,0,16,6,0,0,2.6,-,KIA,이형범,28,KIA
2,4,12.0,3,4,2,0,0,3,0,4,2,0,0,2.0,-,KIA,김민주,29,KIA
4,13,13.0,10,23,0,0,2,9,1,13,5,0,1,3.0,0.500,KIA,임기영,30,KIA
6,6,13.5,9,3,2,3,0,4,0,6,5,0,0,2.25,-,KIA,곽도규,31,KIA
1,2,18.0,2,0,1,0,0,1,0,2,0,0,0,1.0,-,KIA,김정엽,32,KIA
2,5,22.5,3,2,2,0,0,2,0,5,2,0,0,2.0,-,KIA,이성원,33,KIA
4,5,27.0,2,2,0,0,0,1 2/3,0,5,1,0,0,3.6,-,KIA,홍원빈,34,KIA
0,0,0.0,2,1,0,0,0,2,0,1,0,0,0,0.5,-,두산,김한중,1,두산
4,1,1.17,10,4,1,0,0,7 2/3,0,2,7,0,1,1.04,1.000,두산,이교훈,2,두산
39,55,2.83,29,145,17,0,8,175,8,66,154,0,10,1.05,0.556,두산,잭로그,3,두산
29,19,2.85,54,55,5,5,3,60,4,24,36,0,2,1.4,0.333,두산,박신지,4,두산
31,26,3.58,63,47,5,0,6,65 1/3,5,31,76,24,4,1.19,0.444,두산,김택연,5,두산
21,26,3.82,72,58,7,15,4,61 1/3,4,35,57,2,4,1.29,0.500,두산,박치국,6,두산
9,9,3.86,18,26,3,1,1,21,0,12,13,1,0,1.67,-,두산,김정우,7,두산
39,30,4.09,72,63,6,13,4,66,4,33,72,0,4,1.55,0.500,두산,이영하,8,두산
8,12,4.1,29,31,4,3,1,26 1/3,0,13,15,0,1,1.48,1.000,두산,박정수,9,두산
41,51,4.2,19,96,2,0,9,109 1/3,7,55,107,0,5,1.25,0.417,두산,곽빈,10,두산
8,11,4.24,19,19,0,0,3,23 1/3,0,11,19,1,0,1.16,-,두산,양재훈,11,두산
34,38,4.4,17,72,5,0,7,77 2/3,3,41,53,0,3,1.36,0.500,두산,최민석,12,두산
36,57,4.41,23,121,6,0,8,116 1/3,7,60,71,0,5,1.35,0.417,두산,최승용,13,두산
15,17,4.59,20,37,1,0,4,33 1/3,1,19,17,1,2,1.56,0.667,두산,홍민규,14,두산
76,72,4.65,27,140,18,0,9,139 1/3,12,80,125,0,7,1.55,0.368,두산,콜어빈,15,두산
6,5,4.66,7,9,4,0,1,9 2/3,1,5,6,0,1,1.55,0.500,두산,김민규,16,두산
38,56,4.71,47,105,4,9,18,107,7,59,62,0,4,1.34,0.364,두산,최원준,17,두산
12,9,4.96,6,17,1,0,2,16 1/3,1,10,8,0,0,1.78,0.000,두산,제환유,18,두산
3,5,5.4,8,13,1,0,0,8 1/3,0,8,6,0,0,1.92,-,두산,김명신,19,두산
3,1,5.4,3,1,0,0,0,1 2/3,0,1,5,0,0,2.4,-,두산,최종인,19,두산
15,11,6.19,20,18,0,0,2,16,1,13,15,0,2,2.06,0.667,두산,홍건희,21,두산
10,9,6.23,22,11,0,4,1,13,0,9,9,0,0,1.62,-,두산,이병헌,22,두산
13,23,6.34,39,41,2,5,3,32 2/3,5,25,38,0,2,1.65,0.286,두산,최지강,23,두산
7,8,6.75,19,14,0,1,2,10 2/3,1,11,7,0,0,1.97,0.000,두산,김호준,24,두산
5,13,6.75,10,16,0,1,2,17 1/3,1,14,16,0,0,1.21,0.000,두산,윤태호,24,두산
14,16,6.86,45,29,1,9,4,21,1,16,19,0,2,2.05,0.667,두산,고효준,26,두산
9,15,8.44,9,18,2,0,4,16,2,15,11,0,1,1.69,0.333,두산,최준호,27,두산
14,17,8.83,7,17,4,0,3,17 1/3,2,17,22,0,0,1.79,0.000,두산,김유성,28,두산
6,5,15.0,2,4,1,0,1,3,0,5,1,0,0,3.33,-,키움,손현기,26,키움
4,5,16.88,4,9,0,0,0,2 2/3,1,6,2,0,0,4.88,0.000,키움,정세영,27,키움
5,12,20.25,4,14,0,0,2,5 1/3,0,12,4,0,0,3.56,-,키움,김서준,28,키움
5,10,24.55,4,10,1,0,0,3 2/3,0,11,3,0,0,4.09,-,키움,임진묵,29,키움
17,12,2.45,42,35,2,5,7,44,2,13,35,16,2,1.18,0.500,키움,주승우,1,키움
9,40,3.13,18,118,4,0,10,115,3,46,86,0,8,1.1,0.727,키움,알칸타라,2,키움
6,7,3.15,4,18,1,0,0,20,1,8,16,0,1,1.2,0.500,키움,웰스,3,키움
25,27,3.23,13,63,4,0,5,75 1/3,4,33,80,0,4,1.17,0.500,키움,로젠버그,4,키움
27,24,3.77,52,52,7,7,4,57 1/3,1,24,44,0,2,1.38,0.667,키움,오석주,5,키움
9,23,4.47,8,54,0,0,5,46 1/3,3,24,41,0,3,1.36,0.500,키움,메르세데스,6,키움
19,26,4.53,54,55,1,6,9,51 2/3,5,31,40,1,0,1.43,0.000,키움,박윤성,7,키움
13,13,4.68,29,25,5,1,1,25,3,15,18,0,0,1.52,0.000,키움,김성민,8,키움
41,85,4.99,28,169,9,0,13,153 1/3,14,90,134,0,7,1.37,0.333,키움,하영민,9,키움
47,49,5.65,44,96,11,2,6,78,7,55,43,0,1,1.83,0.125,키움,김선기,10,키움
12,23,5.7,36,40,1,8,3,36 1/3,1,23,27,0,1,1.43,0.500,키움,윤석원,11,키움
37,49,5.75,50,84,4,7,12,76 2/3,5,51,47,8,5,1.58,0.500,키움,조영건,12,키움
48,53,5.86,18,92,6,0,8,81 1/3,7,63,55,0,3,1.72,0.300,키움,정현우,13,키움
18,37,6.13,61,68,3,11,5,54 1/3,4,42,40,5,2,1.58,0.333,키움,원종현,14,키움
44,60,6.14,19,113,3,0,16,88,12,76,52,0,0,1.78,0.000,키움,김윤하,15,키움
17,18,6.57,29,29,2,2,3,24 2/3,3,22,26,0,0,1.86,0.000,키움,이강준,16,키움
16,38,6.58,18,63,3,1,9,52,3,40,26,0,2,1.52,0.400,키움,박주성,17,키움
25,38,6.62,20,67,6,0,10,51 2/3,3,40,28,0,1,1.78,0.250,키움,김연주,18,키움
11,6,6.75,9,13,0,0,2,8,0,11,10,0,0,3.0,-,키움,김동규,19,키움
20,19,7.43,16,24,4,0,1,23,1,24,7,1,0,1.91,0.000,키움,박정훈,20,키움
7,13,8.36,18,18,3,1,3,14,2,13,10,0,0,1.79,0.000,키움,양지율,21,키움
23,21,8.59,17,31,5,0,2,22,1,28,15,0,2,2.45,0.667,키움,윤현,22,키움
12,22,8.61,31,37,1,3,6,23,4,23,22,0,1,2.13,0.200,키움,이준우,23,키움
19,20,8.85,21,33,3,1,2,20 1/3,2,22,15,0,2,2.56,0.500,키움,전준표,24,키움
4,5,11.25,4,5,1,0,0,4,0,5,4,0,0,2.25,-,키움,손힘찬,25,키움
